Type,From,To,"Date & Time",Duration,Summary,Sentiment,Keywords,"Is Booked","Created At"
inbound,,,"06/05/25 09:07 PM",00:00,,," ",No,"07/04/25 11:45 AM"
inbound,"Jesthony Morales",,"06/05/25 09:07 PM",00:42,,," ",No,"07/04/25 11:45 AM"
inbound,,,"06/05/25 09:04 PM",00:10,,," ",No,"07/04/25 11:45 AM"
inbound,,,"06/05/25 09:04 PM",00:18,,," ",No,"07/04/25 11:45 AM"
inbound,,,"06/05/25 08:18 PM",00:09,,," ",No,"07/04/25 11:45 AM"
inbound,,,"06/05/25 08:18 PM",00:09,,," ",No,"07/04/25 11:45 AM"
inbound,,,"06/05/25 08:17 PM",00:04,,," ",No,"07/04/25 11:45 AM"
inbound,,,"06/05/25 08:16 PM",00:49,"Customer interested in booking. General inquiry.",neutral," 0/10",Yes,"07/04/25 11:45 AM"
inbound,,,"06/05/25 07:13 PM",00:06,,," ",No,"07/04/25 11:45 AM"
inbound,,,"06/05/25 07:13 PM",00:16,"Customer interested in booking. General inquiry.",neutral," 0/10",Yes,"07/04/25 11:45 AM"
inbound,,,"06/05/25 07:10 PM",00:07,,," ",No,"07/04/25 11:45 AM"
inbound,,,"06/05/25 07:10 PM",00:17,"Customer interested in booking. General inquiry.",neutral," 0/10",Yes,"07/04/25 11:45 AM"
inbound,,,"06/05/25 07:10 PM",00:07,,," ",No,"07/04/25 11:45 AM"
inbound,,,"06/05/25 07:10 PM",00:17,"Customer interested in booking. General inquiry.",neutral," 0/10",Yes,"07/04/25 11:45 AM"
inbound,,,"06/05/25 07:09 PM",00:18,,," ",No,"07/04/25 11:45 AM"
inbound,,,"06/05/25 07:07 PM",00:05,,," ",No,"07/04/25 11:45 AM"
inbound,,,"06/05/25 07:07 PM",00:14,"Customer interested in booking. General inquiry.",neutral," 0/10",Yes,"07/04/25 11:45 AM"
inbound,,,"06/05/25 07:06 PM",00:06,,," ",No,"07/04/25 11:45 AM"
inbound,,,"06/05/25 07:06 PM",00:13,"Customer interested in booking. General inquiry.",neutral," 0/10",Yes,"07/04/25 11:45 AM"
inbound,,,"06/05/25 07:06 PM",00:11,,," ",No,"07/04/25 11:45 AM"
inbound,,,"06/10/25 10:08 PM",00:02,,," ",No,"07/04/25 11:46 AM"
inbound,,,"06/10/25 10:08 PM",00:12,,," ",No,"07/04/25 11:46 AM"
inbound,,,"06/10/25 10:07 PM",00:10,,," ",No,"07/04/25 11:46 AM"
inbound,,,"06/10/25 10:07 PM",00:18,"Customer interested in booking. Customer expressed concerns. General inquiry.",negative," 1/29",Yes,"07/04/25 11:46 AM"
inbound,,,"06/10/25 10:07 PM",00:17,,," ",No,"07/04/25 11:46 AM"
inbound,,,"06/10/25 05:23 PM",00:00,,," ",No,"07/04/25 11:46 AM"
inbound,,,"06/10/25 05:23 PM",00:10,,," ",No,"07/04/25 11:46 AM"
inbound,,,"06/10/25 05:22 PM",00:00,,," ",No,"07/04/25 11:46 AM"
inbound,,,"06/10/25 05:22 PM",00:08,,," ",No,"07/04/25 11:46 AM"
inbound,,,"06/10/25 05:20 PM",00:00,,," ",No,"07/04/25 11:46 AM"
inbound,,,"06/10/25 05:20 PM",00:12,,," ",No,"07/04/25 11:46 AM"
inbound,,,"06/10/25 05:00 PM",00:09,,," ",No,"07/04/25 11:46 AM"
inbound,,,"06/10/25 05:00 PM",00:14,,," ",No,"07/04/25 11:46 AM"
inbound,,,"06/10/25 04:57 PM",00:58,,," ",No,"07/04/25 11:46 AM"
inbound,,,"06/10/25 04:57 PM",01:21,"Customer interested in booking. Positive customer interaction. General inquiry.",positive," 4/29",Yes,"07/04/25 11:46 AM"
inbound,,,"06/10/25 04:52 PM",00:09,,," ",No,"07/04/25 11:46 AM"
inbound,,,"06/10/25 04:52 PM",00:09,,," ",No,"07/04/25 11:46 AM"
inbound,,,"06/10/25 04:51 PM",00:15,,," ",No,"07/04/25 11:46 AM"
inbound,,,"06/10/25 04:32 PM",00:06,,," ",No,"07/04/25 11:46 AM"
inbound,,,"06/10/25 04:32 PM",00:20,"Customer interested in booking. General inquiry.",neutral," 0/10",Yes,"07/04/25 11:46 AM"
inbound,,,"06/15/25 11:50 PM",00:11,,," ",No,"07/04/25 11:46 AM"
inbound,,,"06/15/25 11:50 PM",00:13,,," ",No,"07/04/25 11:46 AM"
inbound,,,"06/15/25 09:30 PM",00:41,,," ",No,"07/04/25 11:46 AM"
inbound,,,"06/15/25 09:30 PM",01:17,"Customer interested in booking. Positive customer interaction. General inquiry.",positive," 5/29",Yes,"07/04/25 11:46 AM"
inbound,,,"06/15/25 09:29 PM",00:09,,," ",No,"07/04/25 11:46 AM"
inbound,,,"06/15/25 09:27 PM",00:28,,," ",No,"07/04/25 11:46 AM"
inbound,,,"06/15/25 09:27 PM",01:11,"Customer interested in booking. Positive customer interaction. General inquiry.",positive," 4/29",Yes,"07/04/25 11:46 AM"
inbound,,,"06/15/25 09:26 PM",00:09,,," ",No,"07/04/25 11:46 AM"
inbound,,,"06/15/25 09:12 PM",00:04,,," ",No,"07/04/25 11:46 AM"
inbound,,,"06/15/25 09:12 PM",00:29,"Customer interested in booking. General inquiry.",neutral," 0/10",Yes,"07/04/25 11:46 AM"
inbound,,,"06/15/25 01:50 PM",00:07,,," ",No,"07/04/25 11:46 AM"
inbound,,,"06/15/25 01:50 PM",00:45,"Customer interested in booking. General inquiry.",neutral," 0/10",Yes,"07/04/25 11:46 AM"
inbound,,,"06/15/25 01:50 PM",00:08,,," ",No,"07/04/25 11:46 AM"
inbound,,,"06/15/25 01:49 PM",00:08,,," ",No,"07/04/25 11:46 AM"
inbound,,,"06/13/25 09:19 PM",00:02,,," ",No,"07/04/25 11:46 AM"
inbound,,,"06/13/25 09:18 PM",00:44,"Customer interested in booking. General inquiry.",neutral," 0/10",Yes,"07/04/25 11:46 AM"
inbound,,,"06/13/25 08:00 PM",00:07,,," ",No,"07/04/25 11:46 AM"
inbound,,,"06/13/25 08:00 PM",00:23,"Customer interested in booking. General inquiry.",neutral," 1/10",Yes,"07/04/25 11:46 AM"
inbound,,,"06/13/25 07:43 PM",01:18,,," ",No,"07/04/25 11:46 AM"
inbound,,,"06/13/25 07:43 PM",01:37,"Customer interested in booking. Customer expressed concerns. General inquiry.",negative," 7/29",Yes,"07/04/25 11:46 AM"
inbound,,,"06/20/25 11:22 PM",00:39,,," ",No,"07/04/25 11:47 AM"
inbound,,,"06/20/25 11:22 PM",01:11,"Customer interested in booking. Positive customer interaction. Customer service issue.",positive," 6/29",Yes,"07/04/25 11:47 AM"
inbound,,,"06/20/25 11:00 PM",03:21,,," ",No,"07/04/25 11:47 AM"
inbound,,,"06/20/25 10:59 PM",03:51,"Customer interested in booking. Positive customer interaction. General inquiry.",positive," 18/29",Yes,"07/04/25 11:47 AM"
inbound,,,"06/20/25 10:29 PM",00:26,,," ",No,"07/04/25 11:47 AM"
inbound,,,"06/20/25 10:29 PM",01:16,"Customer interested in booking. General inquiry.",neutral," 1/10",Yes,"07/04/25 11:47 AM"
inbound,,,"06/20/25 09:30 PM",00:13,,," ",No,"07/04/25 11:47 AM"
inbound,,,"06/20/25 09:29 PM",00:12,,," ",No,"07/04/25 11:47 AM"
inbound,,,"06/20/25 09:26 PM",00:13,,," ",No,"07/04/25 11:47 AM"
inbound,,,"06/20/25 09:26 PM",00:17,,," ",No,"07/04/25 11:47 AM"
inbound,,,"06/20/25 04:23 PM",00:07,,," ",No,"07/04/25 11:47 AM"
inbound,,,"06/20/25 04:22 PM",00:28,"Customer interested in booking. General inquiry.",neutral," 0/10",Yes,"07/04/25 11:47 AM"
inbound,,,"06/20/25 04:10 PM",00:09,,," ",No,"07/04/25 11:47 AM"
inbound,,,"06/20/25 04:10 PM",00:23,"Customer interested in booking. General inquiry.",neutral," 0/10",Yes,"07/04/25 11:47 AM"
inbound,,,"06/20/25 04:09 PM",00:08,,," ",No,"07/04/25 11:47 AM"
inbound,,,"06/20/25 04:09 PM",00:09,,," ",No,"07/04/25 11:47 AM"
inbound,,,"06/20/25 02:54 PM",00:05,,," ",No,"07/04/25 11:47 AM"
inbound,,,"06/20/25 02:54 PM",00:47,"Customer interested in booking. General inquiry.",neutral," 0/10",Yes,"07/04/25 11:47 AM"
inbound,,,"06/20/25 02:53 PM",00:06,,," ",No,"07/04/25 11:47 AM"
inbound,,,"06/20/25 02:53 PM",00:48,"Customer interested in booking. General inquiry.",neutral," 0/10",Yes,"07/04/25 11:47 AM"
inbound,,,"06/25/25 08:59 PM",00:06,,," ",No,"07/04/25 11:48 AM"
inbound,,,"06/25/25 08:59 PM",00:48,"Customer interested in booking. General inquiry.",neutral," 0/10",Yes,"07/04/25 11:48 AM"
inbound,,,"06/25/25 08:58 PM",00:09,,," ",No,"07/04/25 11:48 AM"
inbound,,,"06/25/25 08:58 PM",00:06,,," ",No,"07/04/25 11:48 AM"
inbound,,,"06/25/25 08:58 PM",00:19,"Customer interested in booking. General inquiry.",neutral," 0/10",Yes,"07/04/25 11:48 AM"
inbound,,,"06/25/25 08:28 PM",00:26,,," ",No,"07/04/25 11:48 AM"
inbound,,,"06/25/25 08:28 PM",00:41,"Customer interested in booking. Positive customer interaction. General inquiry.",positive," 3/29",Yes,"07/04/25 11:48 AM"
inbound,,,"06/25/25 08:28 PM",00:17,,," ",No,"07/04/25 11:48 AM"
inbound,,,"06/25/25 07:39 PM",01:28,,," ",No,"07/04/25 11:48 AM"
inbound,,,"06/25/25 07:39 PM",01:43,"Customer interested in booking. Customer expressed concerns. General inquiry.",negative," 6/29",Yes,"07/04/25 11:48 AM"
inbound,,,"06/25/25 07:35 PM",00:27,,," ",No,"07/04/25 11:48 AM"
inbound,,,"06/25/25 07:35 PM",00:40,"Customer interested in booking. Positive customer interaction. General inquiry.",positive," 8/29",Yes,"07/04/25 11:48 AM"
inbound,,,"06/25/25 07:31 PM",02:26,,," ",No,"07/04/25 11:48 AM"
inbound,,,"06/25/25 07:31 PM",02:37,"Customer interested in booking. Customer expressed concerns. Customer service issue.",negative," 11/29",Yes,"07/04/25 11:48 AM"
inbound,,,"06/25/25 07:26 PM",01:45,,," ",No,"07/04/25 11:48 AM"
inbound,,,"06/25/25 07:26 PM",02:24,"Customer interested in booking. Appointment booking request.",neutral," 6/10",Yes,"07/04/25 11:48 AM"
inbound,,,"06/25/25 06:20 PM",00:40,,," ",No,"07/04/25 11:48 AM"
inbound,,,"06/25/25 06:20 PM",00:57,"Customer interested in booking. Positive customer interaction. Appointment booking request.",positive," 9/29",Yes,"07/04/25 11:48 AM"
inbound,,,"06/25/25 06:19 PM",00:00,,," ",No,"07/04/25 11:48 AM"
inbound,,,"06/25/25 06:19 PM",00:41,,," ",No,"07/04/25 11:48 AM"
inbound,,,"06/30/25 09:38 PM",00:03,,," ",No,"07/04/25 11:48 AM"
inbound,,,"06/30/25 09:38 PM",00:37,"Customer interested in booking. General inquiry.",neutral," 0/10",Yes,"07/04/25 11:48 AM"
inbound,,,"06/30/25 07:48 PM",00:00,,," ",No,"07/04/25 11:48 AM"
inbound,,,"06/30/25 07:22 PM",00:29,,," ",No,"07/04/25 11:48 AM"
inbound,,,"06/30/25 07:22 PM",00:56,"Customer interested in booking. Positive customer interaction. Appointment booking request.",positive," 5/29",Yes,"07/04/25 11:48 AM"
inbound,,,"06/30/25 06:50 PM",00:00,,," ",No,"07/04/25 11:48 AM"
inbound,,,"06/30/25 06:49 PM",00:37,,," ",No,"07/04/25 11:48 AM"
inbound,,,"06/30/25 06:49 PM",00:09,,," ",No,"07/04/25 11:48 AM"
inbound,,,"06/30/25 06:07 PM",00:08,,," ",No,"07/04/25 11:48 AM"
inbound,,,"06/30/25 05:14 PM",00:26,,," ",No,"07/04/25 11:48 AM"
inbound,,,"06/30/25 05:14 PM",00:46,"Customer interested in booking. Positive customer interaction. Appointment booking request.",positive," 7/29",Yes,"07/04/25 11:48 AM"
inbound,,,"06/30/25 05:13 PM",00:23,,," ",No,"07/04/25 11:48 AM"
inbound,,,"06/30/25 12:56 PM",00:35,,," ",No,"07/04/25 11:48 AM"
inbound,,,"06/30/25 12:56 PM",00:57,"Customer interested in booking. Positive customer interaction. General inquiry.",positive," 3/29",Yes,"07/04/25 11:48 AM"
inbound,,,"06/29/25 09:02 PM",00:00,,," ",No,"07/04/25 11:48 AM"
inbound,,,"06/29/25 09:02 PM",00:47,,," ",No,"07/04/25 11:48 AM"
inbound,,,"06/29/25 08:53 PM",00:54,,," ",No,"07/04/25 11:48 AM"
inbound,,,"06/29/25 08:53 PM",01:08,"Customer interested in booking. Positive customer interaction. Appointment booking request.",positive," 8/29",Yes,"07/04/25 11:48 AM"
inbound,,,"06/29/25 08:52 PM",00:00,,," ",No,"07/04/25 11:48 AM"
inbound,,,"06/29/25 08:52 PM",00:49,,," ",No,"07/04/25 11:48 AM"
inbound,,,"07/01/25 11:45 PM",00:17,,," ",No,"07/07/25 08:32 AM"
inbound,,,"07/01/25 09:46 PM",00:43,,," ",No,"07/07/25 08:32 AM"
inbound,,,"07/01/25 09:46 PM",01:03,"Customer interested in booking. Positive customer interaction. Customer service issue.",positive," 5/29",Yes,"07/07/25 08:32 AM"
inbound,,,"07/01/25 09:18 PM",01:07,,," ",No,"07/07/25 08:32 AM"
inbound,,,"07/01/25 09:18 PM",01:19,"Customer interested in booking. General inquiry.",neutral," 5/10",Yes,"07/07/25 08:32 AM"
inbound,,,"07/01/25 09:18 PM",00:13,,," ",No,"07/07/25 08:32 AM"
inbound,,,"07/01/25 09:03 PM",00:12,,," ",No,"07/07/25 08:32 AM"
inbound,,,"07/01/25 09:02 PM",00:02,,," ",No,"07/07/25 08:32 AM"
inbound,,,"07/01/25 09:02 PM",00:40,,," ",No,"07/07/25 08:32 AM"
inbound,,,"07/01/25 09:02 PM",00:13,,," ",No,"07/07/25 08:32 AM"
inbound,,,"07/01/25 09:01 PM",00:16,,," ",No,"07/07/25 08:32 AM"
inbound,,,"07/01/25 08:37 PM",00:06,,," ",No,"07/07/25 08:32 AM"
inbound,,,"07/01/25 08:36 PM",00:49,"Customer interested in booking. General inquiry.",neutral," 0/10",Yes,"07/07/25 08:32 AM"
inbound,,,"07/01/25 08:36 PM",00:09,,," ",No,"07/07/25 08:32 AM"
inbound,,,"07/01/25 08:23 PM",00:00,,," ",No,"07/07/25 08:32 AM"
inbound,,,"07/01/25 08:23 PM",00:07,,," ",No,"07/07/25 08:32 AM"
inbound,,,"07/01/25 08:23 PM",00:00,,," ",No,"07/07/25 08:32 AM"
inbound,,,"07/01/25 08:23 PM",00:06,,," ",No,"07/07/25 08:32 AM"
inbound,,,"07/01/25 08:20 PM",00:05,,," ",No,"07/07/25 08:32 AM"
inbound,,,"07/01/25 08:20 PM",00:44,"Customer interested in booking. General inquiry.",neutral," 0/10",Yes,"07/07/25 08:32 AM"
inbound,,,"07/02/25 05:37 PM",00:37,,," ",No,"07/07/25 08:32 AM"
inbound,,,"07/02/25 05:37 PM",00:50,"Customer interested in booking. Customer expressed concerns. Customer service issue.",negative," 5/29",Yes,"07/07/25 08:32 AM"
inbound,,,"07/02/25 05:30 PM",00:57,,," ",No,"07/07/25 08:32 AM"
inbound,,,"07/02/25 05:30 PM",01:28,"Customer interested in booking. Positive customer interaction. General inquiry.",positive," 6/29",Yes,"07/07/25 08:32 AM"
inbound,,,"07/02/25 04:07 PM",00:39,,," ",No,"07/07/25 08:32 AM"
inbound,,,"07/02/25 04:06 PM",01:08,"Customer interested in booking. Customer expressed concerns. Customer service issue.",negative," 11/29",Yes,"07/07/25 08:32 AM"
